Date,COT_Open_Interest,COT_NonComm_Long,COT_NonComm_Short,COT_NetSpec
1995-04-18,270834,53491,4571,48920
1995-04-25,259968,46462,4135,42327
1995-05-02,239375,28737,4654,24083
1995-05-09,225753,11961,13694,-1733
1995-05-16,219029,13017,16343,-3326
1995-05-23,229431,11878,21885,-10007
1995-05-30,210370,12245,16358,-4113
1995-06-06,222778,13779,17340,-3561
1995-06-13,217161,17974,11194,6780
1995-06-20,246779,36134,5297,30837
1995-06-27,233644,30032,4562,25470
1995-07-03,224807,18742,18909,-167
1995-07-11,235665,14998,24859,-9861
1995-07-18,226761,22090,11732,10358
1995-07-25,219155,17277,13393,3884
1995-08-01,219921,13726,38413,-24687
1995-08-08,229933,15331,44046,-28715
1995-08-15,225823,17548,30102,-12554
1995-08-22,230584,14193,42004,-27811
1995-08-29,231970,15544,45740,-30196
1995-09-05,239153,14643,52458,-37815
1995-09-12,238276,20875,42118,-21243
1995-09-19,240625,23163,36949,-13786
1995-09-26,236758,17608,37648,-20040
1995-10-03,231369,13970,41142,-27172
1995-10-10,244307,19849,38044,-18195
1995-10-17,246485,16040,40020,-23980
1995-10-24,255081,14053,52252,-38199
1995-10-31,257725,15346,51052,-35706
1995-11-07,258734,17569,40541,-22972
1995-11-14,230555,24093,15188,8905
1995-11-21,213952,18437,14810,3627
1995-11-28,217488,16836,17103,-267
1995-12-05,205466,15749,15874,-125
1995-12-12,211973,24900,13276,11624
1995-12-19,207157,16613,12569,4044
1995-12-26,203366,16205,12925,3280
1996-01-02,217382,24798,11963,12835
1996-01-09,280266,63054,6969,56085
1996-01-16,285396,69403,7178,62225
1996-01-23,314041,80558,4667,75891
1996-01-30,318335,79056,5239,73817
1996-02-06,350544,80479,6972,73507
1996-02-13,323614,60885,4876,56009
1996-02-20,314048,52220,6151,46069
1996-02-27,314214,46752,4931,41821
1996-03-05,294730,33195,10170,23025
1996-03-12,280304,33574,9934,23640
1996-03-19,268780,28017,12861,15156
1996-03-26,283359,40565,8658,31907
1996-04-02,264462,33681,11247,22434
1996-04-09,280096,39927,12773,27154
1996-04-16,277315,21951,17700,4251
1996-04-23,284906,22334,23313,-979
1996-04-30,293583,24602,25545,-943
1996-05-07,299841,28585,21312,7273
1996-05-14,279759,23872,28007,-4135
1996-05-21,278134,23527,35489,-11962
1996-05-28,279188,24581,33850,-9269
1996-06-04,256689,24456,37492,-13036
1996-06-11,263315,15239,54089,-38850
1996-06-18,269540,18586,50966,-32380
1996-06-25,270719,19221,49505,-30284
1996-07-02,270230,11567,52339,-40772
1996-07-09,271184,11964,49560,-37596
1996-07-16,250004,11735,41055,-29320
1996-07-23,239460,14196,38658,-24462
1996-07-30,234627,14175,34323,-20148
1996-08-06,230514,17435,15557,1878
1996-08-13,230591,16789,14598,2191
1996-08-20,229576,15404,17023,-1619
1996-08-27,234967,16745,15025,1720
1996-09-03,231238,10422,24896,-14474
1996-09-10,253087,9530,56499,-46969
1996-09-17,254442,10102,62248,-52146
1996-09-24,253447,9146,65893,-56747
1996-10-01,260245,9218,71139,-61921
1996-10-08,258393,11253,67926,-56673
1996-10-15,261892,12870,65639,-52769
1996-10-22,257035,11009,48083,-37074
1996-10-29,254007,8890,54704,-45814
1996-11-05,261847,9954,64756,-54802
1996-11-12,249496,15451,53232,-37781
1996-11-19,232977,10834,50081,-39247
1996-11-26,251568,8031,64224,-56193
1996-12-03,250446,9534,65134,-55600
1996-12-10,250199,10287,50690,-40403
1996-12-17,250013,9551,49497,-39946
1996-12-24,254443,7963,49725,-41762
1996-12-31,258554,7329,53856,-46527
1997-01-07,277673,6533,60124,-53591
1997-01-14,271474,5901,61358,-55457
1997-01-21,278361,5767,58910,-53143
1997-01-28,270412,9057,49157,-40100
1997-02-04,277151,7767,56044,-48277
1997-02-11,281937,5840,54841,-49001
1997-02-18,286554,11399,47711,-36312
1997-02-25,288423,13092,33501,-20409
1997-03-04,284364,21177,16124,5053
1997-03-11,278643,14683,14841,-158
1997-03-18,252822,11872,21219,-9347
1997-03-25,244172,15597,21834,-6237
1997-04-01,236110,10070,18053,-7983
1997-04-08,232027,9184,16760,-7576
1997-04-15,241537,7944,35518,-27574
1997-04-22,245113,8871,44091,-35220
1997-04-29,246102,8249,45662,-37413
1997-05-06,250794,9730,46432,-36702
1997-05-13,227217,17214,28433,-11219
1997-05-20,222590,12916,37374,-24458
1997-05-27,221772,12984,36087,-23103
1997-06-03,213326,11856,35869,-24013
1997-06-10,226071,11573,39927,-28354
1997-06-17,229376,11205,41428,-30223
1997-06-24,253008,11692,59873,-48181
1997-07-01,272823,7356,71904,-64548
1997-07-08,314536,7431,79522,-72091
1997-07-15,297221,7633,77978,-70345
1997-07-22,287134,11483,68297,-56814
1997-07-29,279003,12102,64076,-51974
1997-08-05,282559,6614,73875,-67261
1997-08-12,279213,14855,60995,-46140
1997-08-19,286277,7157,60291,-53134
1997-08-26,287175,8077,57034,-48957
1997-09-02,286627,6598,63438,-56840
1997-09-09,295455,6583,62718,-56135
1997-09-16,283664,6388,61141,-54753
1997-09-23,278562,6451,62670,-56219
1997-09-30,278217,26698,38199,-11501
1997-10-07,272953,44161,27361,16800
1997-10-14,262797,32276,35197,-2921
1997-10-21,259170,15053,41124,-26071
1997-10-28,318139,7337,71431,-64094
1997-11-04,321968,7566,71379,-63813
1997-11-11,320862,8275,68958,-60683
1997-11-18,286754,11805,62637,-50832
1997-11-25,268321,7355,67577,-60222
1997-12-02,275204,9267,68508,-59241
1997-12-09,283247,8434,71274,-62840
1997-12-16,271969,7252,66689,-59437
1997-12-23,271782,8737,59974,-51237
1997-12-30,267269,6748,58626,-51878
1998-01-06,280730,5570,65915,-60345
1998-01-13,265182,7659,65249,-57590
1998-01-20,260248,7814,58791,-50977
1998-01-27,256696,10605,33119,-22514
1998-02-03,262758,11810,34654,-22844
1998-02-10,273443,12699,33222,-20523
1998-02-17,266814,10904,35811,-24907
1998-02-24,272980,9879,43109,-33230
1998-03-03,276808,12022,38621,-26599
1998-03-10,278261,10858,43548,-32690
1998-03-17,274801,8421,54008,-45587
1998-03-24,252210,8736,44314,-35578
1998-03-31,242862,15879,31114,-15235
1998-04-07,277782,38357,24265,14092
1998-04-14,274308,41573,25722,15851
1998-04-21,278410,44864,25194,19670
1998-04-28,272096,44271,20134,24137
1998-05-05,258803,35670,24440,11230
1998-05-12,223279,12634,31839,-19205
1998-05-19,223512,12148,30167,-18019
1998-05-26,219726,11537,34134,-22597
1998-06-02,249571,5854,59291,-53437
1998-06-09,257565,6894,56499,-49605
1998-06-16,268857,4473,64066,-59593
1998-06-23,255413,5155,40979,-35824
1998-06-30,251553,4926,38444,-33518
1998-07-07,254441,7649,40343,-32694
1998-07-14,246031,6146,40945,-34799
1998-07-21,244418,6052,36500,-30448
1998-07-28,239728,6415,44763,-38348
1998-08-04,261286,6907,64380,-57473
1998-08-11,274463,8022,65298,-57276
1998-08-18,284231,11256,68610,-57354
1998-08-25,297026,10703,68913,-58210
1998-09-01,312572,7324,73076,-65752
1998-09-08,303896,11112,55334,-44222
1998-09-15,275660,11663,25976,-14313
1998-09-22,278492,13165,27597,-14432
1998-09-29,288094,20952,20308,644
1998-10-06,311009,39979,9868,30111
1998-10-13,296742,35967,6831,29136
1998-10-20,289297,31266,7807,23459
1998-10-27,287661,21984,9762,12222
1998-11-03,279299,9640,27111,-17471
1998-11-10,270055,12212,15090,-2878
1998-11-17,227251,14458,9319,5139
1998-11-24,227268,16575,8319,8256
1998-12-01,219769,10609,15337,-4728
1998-12-08,225373,11486,15553,-4067
1998-12-15,226216,8295,20186,-11891
1998-12-22,241414,6791,33427,-26636
1998-12-29,247842,6264,40631,-34367
1999-01-05,259687,8018,50237,-42219
1999-01-12,249749,10278,48642,-38364
1999-01-19,264384,8970,60777,-51807
1999-01-26,264346,8459,66700,-58241
1999-02-02,268646,12931,68770,-55839
1999-02-09,269427,8836,66393,-57557
1999-02-16,270868,7746,72605,-64859
1999-02-23,277963,7831,74528,-66697
1999-03-02,279314,16128,71421,-55293
1999-03-09,277706,33547,31858,1689
1999-03-16,245396,10759,38978,-28219
1999-03-23,254940,8524,59545,-51021
1999-03-30,273449,6016,85760,-79744
1999-04-06,282126,7959,96301,-88342
1999-04-13,275928,11552,91272,-79720
1999-04-20,278123,11697,83954,-72257
1999-04-27,286030,12806,92624,-79818
1999-05-04,274563,19356,65998,-46642
1999-05-11,281813,13668,73254,-59586
1999-05-18,278847,9034,86961,-77927
1999-05-25,286157,8296,92378,-84082
1999-06-01,291611,22155,87833,-65678
1999-06-08,310828,9153,92554,-83401
1999-06-15,324488,10770,91521,-80751
1999-06-22,331575,9324,94715,-85391
1999-06-29,329120,9031,90665,-81634
1999-07-06,340929,9909,93057,-83148
1999-07-13,308511,9625,85766,-76141
1999-07-20,307360,9198,86670,-77472
1999-07-27,293152,14844,80521,-65677
1999-08-03,298852,17839,71353,-53514
1999-08-10,307917,16062,67367,-51305
1999-08-17,308577,22692,53167,-30475
1999-08-24,307959,15983,71521,-55538
1999-08-31,320503,19653,74967,-55314
1999-09-07,324438,18778,75286,-56508
1999-09-14,310044,21504,68852,-47348
1999-09-21,318970,31854,61077,-29223
1999-09-28,474595,63659,41069,22590
1999-10-05,512607,59567,31672,27895
1999-10-12,501362,50186,14243,35943
1999-10-19,492113,46638,13862,32776
1999-10-26,449240,40966,12634,28332
1999-11-02,454003,35699,11374,24325
1999-11-09,443292,31193,11045,20148
1999-11-16,356465,32280,9696,22584
1999-11-23,355052,38846,9552,29294
1999-11-30,334218,35114,10622,24492
1999-12-07,315082,26896,11956,14940
1999-12-14,301410,12928,15406,-2478
1999-12-21,320393,17145,20435,-3290
1999-12-28,332618,17861,19963,-2102
2000-01-04,309856,16855,21926,-5071
2000-01-11,305508,21893,21841,52
2000-01-18,276473,25196,18951,6245
2000-01-25,271210,24056,17240,6816
2000-02-01,257978,23576,20602,2974
2000-02-08,337869,48581,19759,28822
2000-02-15,344235,50402,8532,41870
2000-02-22,361751,60138,6783,53355
2000-02-29,331484,45451,7929,37522
2000-03-07,319007,42125,8512,33613
2000-03-14,287736,36715,11597,25118
2000-03-21,291373,35434,12549,22885
2000-03-28,264550,15555,25123,-9568
2000-04-04,278250,18124,39047,-20923
2000-04-11,274049,15132,37321,-22189
2000-04-18,272858,16100,35998,-19898
2000-04-25,270539,16000,41982,-25982
2000-05-02,282070,15357,48616,-33259
2000-05-09,277767,16052,43119,-27067
2000-05-16,235261,14165,44296,-30131
2000-05-23,237926,13801,52077,-38276
2000-05-30,233723,15844,59340,-43496
2000-06-06,235328,23849,27590,-3741
2000-06-13,229685,30339,14168,16171
2000-06-20,232484,31736,10549,21187
2000-06-27,229537,30366,12419,17947
2000-07-05,234086,30224,12780,17444
2000-07-11,227343,26739,15095,11644
2000-07-18,205510,24719,17577,7142
2000-07-25,191412,23171,20730,2441
2000-08-01,177549,21201,27484,-6283
2000-08-08,188198,19059,45084,-26025
2000-08-15,199642,17406,50311,-32905
2000-08-22,198817,18667,46677,-28010
2000-08-29,200638,18661,48775,-30114
2000-09-05,194312,19610,40024,-20414
2000-09-12,196409,18951,47308,-28357
2000-09-19,201316,18950,52103,-33153
2000-09-26,199215,20286,48280,-27994
2000-10-03,189356,19421,42030,-22609
2000-10-10,198654,21798,49380,-27582
2000-10-17,194991,25136,44594,-19458
2000-10-24,197999,25605,48557,-22952
2000-10-31,204461,16431,54494,-38063
2000-11-07,208032,15404,54760,-39356
2000-11-14,191092,15091,56143,-41052
2000-11-21,185782,15629,58051,-42422
2000-11-28,182403,15437,47661,-32224
2000-12-05,173722,15769,39178,-23409
2000-12-12,169897,18235,30884,-12649
2000-12-19,173593,16054,34064,-18010
2000-12-26,176454,18215,27818,-9603
2001-01-02,173653,16272,37362,-21090
2001-01-09,185321,13373,49242,-35869
2001-01-16,186119,12548,67277,-54729
2001-01-23,190685,14957,69568,-54611
2001-01-30,192364,18084,68929,-50845
2001-02-06,187957,15628,65608,-49980
2001-02-13,196888,14681,71524,-56843
2001-02-20,205623,15922,79185,-63263
2001-02-27,212593,18553,66338,-47785
2001-03-06,200220,16185,56767,-40582
2001-03-13,189856,21121,39729,-18608
2001-03-20,184769,12710,46207,-33497
2001-03-27,184687,12939,42337,-29398
2001-04-03,180033,10164,58553,-48389
2001-04-10,193468,10424,66425,-56001
2001-04-17,181715,10839,50610,-39771
2001-04-24,175083,12866,40798,-27932
2001-05-01,171186,13470,34623,-21153
2001-05-08,169911,13886,32225,-18339
2001-05-15,152519,29871,24524,5347
2001-05-22,207704,56444,14490,41954
2001-05-29,198913,56754,10916,45838
2001-06-05,169995,34489,8496,25993
2001-06-12,177598,33261,12006,21255
2001-06-19,188570,35787,11762,24025
2001-06-26,202033,39484,11816,27668
2001-07-03,185908,33949,11696,22253
2001-07-10,182745,31992,16073,15919
2001-07-17,163897,30863,17338,13525
2001-07-24,160497,32079,15426,16653
2001-07-31,146634,24037,24588,-551
2001-08-07,143524,24827,24603,224
2001-08-14,173181,51635,15990,35645
2001-08-21,185285,58093,15263,42830
2001-08-28,169313,47077,16029,31048
2001-09-04,172183,45911,16003,29908
2001-09-10,169550,43492,19028,24464
2001-09-18,175518,49242,14497,34745
2001-09-25,190076,57592,14110,43482
2001-10-02,196180,56816,13643,43173
2001-10-09,198102,55637,12979,42658
2001-10-16,186828,44786,14406,30380
2001-10-23,176631,36089,17355,18734
2001-10-30,180675,32992,16360,16632
2001-11-06,172589,32554,16536,16018
2001-11-13,150368,29495,19449,10046
2001-11-20,153930,25798,30871,-5073
2001-11-27,150355,23930,31934,-8004
2001-12-04,145846,26439,33274,-6835
2001-12-11,155417,25140,45686,-20546
2001-12-18,155703,30418,30463,-45
2001-12-21,152501,26717,29139,-2422
2001-12-28,151637,27601,28112,-511
2002-01-08,152325,28456,21595,6861
2002-01-15,168770,48864,14297,34567
2002-01-22,172691,46124,15146,30978
2002-01-29,166638,31254,13620,17634
2002-02-05,205775,58261,14875,43386
2002-02-12,217485,66794,19022,47772
2002-02-19,211381,65249,20760,44489
2002-02-26,213281,62881,22076,40805
2002-03-05,208770,59695,16844,42851
2002-03-12,189747,52898,16065,36833
2002-03-19,188558,49016,16066,32950
2002-03-26,201927,54396,14434,39962
2002-04-02,219423,64970,18680,46290
2002-04-09,210915,65551,20437,45114
2002-04-16,211102,60678,20138,40540
2002-04-23,225258,68166,18946,49220
2002-04-30,253774,77560,20856,56704
2002-05-07,269188,81322,24350,56972
2002-05-14,240083,71216,29725,41491
2002-05-21,247690,78777,26126,52651
2002-05-28,262937,80787,31281,49506
2002-06-04,261676,78185,25579,52606
2002-06-11,242692,71846,17309,54537
2002-06-18,233244,67896,17411,50485
2002-06-25,245417,67214,19599,47615
2002-07-02,231637,55967,18447,37520
2002-07-09,234183,48882,18123,30759
2002-07-16,224647,48893,20797,28096
2002-07-23,222205,50104,19742,30362
2002-07-30,198100,28437,24398,4039
2002-08-06,197947,25773,21580,4193
2002-08-13,205658,27402,23366,4036
2002-08-20,213242,29204,21834,7370
2002-08-27,215778,28634,23746,4888
2002-09-03,216465,30215,22412,7803
2002-09-10,232883,45477,24316,21161
2002-09-17,214958,46570,19885,26685
2002-09-24,245399,69269,24515,44754
2002-10-01,235276,68560,22444,46116
2002-10-08,228000,62792,20732,42060
2002-10-15,210509,41406,22621,18785
2002-10-22,209644,35072,23190,11882
2002-10-29,211422,33619,15316,18303
2002-11-05,214334,38971,16221,22750
2002-11-12,246047,57696,16799,40897
2002-11-19,231988,56352,14878,41474
2002-11-26,207124,50739,13862,36877
2002-12-03,202132,45811,14374,31437
2002-12-10,230905,71424,20798,50626
2002-12-17,275329,87027,29318,57709
2002-12-23,285668,86490,26398,60092
2002-12-31,287346,88162,25982,62180
2003-01-07,304648,93743,27548,66195
2003-01-14,307547,94090,28889,65201
2003-01-21,317358,96094,28430,67664
2003-01-28,320798,95552,30900,64652
2003-02-04,344590,106450,31344,75106
2003-02-11,320562,90719,32032,58687
2003-02-14,312753,70305,29716,40589
2003-02-25,309765,60142,30081,30061
2003-03-04,295715,58549,25393,33156
2003-03-11,301963,59428,26561,32867
2003-03-18,304609,46356,28832,17524
2003-03-25,294112,40295,15680,24615
2003-04-01,253880,39072,15395,23677
2003-04-08,258436,41677,20366,21311
2003-04-15,267940,43926,26690,17236
2003-04-22,268251,45632,25256,20376
2003-04-29,263158,44069,24461,19608
2003-05-06,269113,48102,14889,33213
2003-05-13,290914,52285,14421,37864
2003-05-20,314505,76518,12832,63686
2003-05-27,301020,79105,9051,70054
2003-06-03,302730,92294,4660,87634
2003-06-10,300902,77692,7361,70331
2003-06-17,311876,80709,9590,71119
2003-06-24,311755,63882,9271,54611
2003-07-01,309104,57440,8218,49222
2003-07-08,308839,54403,10241,44162
2003-07-15,311338,47174,18677,28497
2003-07-22,326722,55410,17030,38380
2003-07-29,384394,89898,14062,75836
2003-08-05,350055,70271,14159,56112
2003-08-12,369018,79398,14940,64458
2003-08-19,403040,99511,10769,88742
2003-08-26,425401,108719,11698,97021
2003-09-02,485893,138294,15176,123118
2003-09-09,515629,143745,24279,119466
2003-09-16,505726,136776,26019,110757
2003-09-23,538490,146534,27347,119187
2003-09-30,488249,140835,26312,114523
2003-10-07,454861,113877,14189,99688
2003-10-14,439081,112485,12823,99662
2003-10-21,454168,120024,12711,107313
2003-10-28,463229,131873,14377,117496
2003-11-04,457162,124562,11699,112863
2003-11-11,478636,129142,16047,113095
2003-11-18,515005,143000,16627,126373
2003-11-25,441873,136415,10374,126041
2003-12-02,455911,145456,13428,132028
2003-12-09,466993,141727,15031,126696
2003-12-16,473081,149919,15656,134263
2003-12-22,474012,146014,16426,129588
2003-12-30,480691,148832,13977,134855
2004-01-06,495015,153033,16621,136412
2004-01-13,515509,151716,13822,137894
2004-01-20,476855,129218,14953,114265
2004-01-27,426638,122043,14168,107875
2004-02-03,384082,98205,15199,83006
2004-02-10,400756,98245,23657,74588
2004-02-17,419494,110665,24009,86656
2004-02-24,401354,100503,25174,75329
2004-03-02,393471,85318,30347,54971
2004-03-09,398443,99526,24839,74687
2004-03-16,419478,102411,21889,80522
2004-03-23,495809,149981,23172,126809
2004-03-30,477748,164385,16744,147641
2004-04-06,488861,180184,13426,166758
2004-04-12,491590,178247,15641,162606
2004-04-20,425141,109227,21102,88125
2004-04-27,402488,99034,27126,71908
2004-05-04,412763,93711,30833,62878
2004-05-11,420405,87364,43948,43416
2004-05-18,424107,83503,49247,34256
2004-05-25,388147,84464,46280,38184
2004-06-01,375997,85309,34163,51146
2004-06-08,370755,83679,35734,47945
2004-06-15,364104,83876,38246,45630
2004-06-22,369861,88366,29594,58772
2004-06-29,373219,87427,27065,60362
2004-07-06,376159,81862,29915,51947
2004-07-13,413932,114326,17204,97122
2004-07-20,427529,116566,17177,99389
2004-07-27,371259,82304,29814,52490
2004-08-03,363138,86291,33068,53223
2004-08-10,372375,88822,20732,68090
2004-08-17,387473,96692,19333,77359
2004-08-24,420353,129085,18441,110644
2004-08-31,432057,135840,24076,111764
2004-09-07,410705,111993,24218,87775
2004-09-14,408358,104851,21518,83333
2004-09-21,419199,113445,18599,94846
2004-09-28,416514,129322,18413,110909
2004-10-05,454874,170013,23375,146638
2004-10-12,460019,171655,24295,147360
2004-10-19,468047,179753,24707,155046
2004-10-26,485835,192281,25046,167235
2004-11-02,476616,181551,30402,151149
2004-11-09,531015,195488,32485,163003
2004-11-16,562598,203792,34000,169792
2004-11-23,486221,204465,34275,170190
2004-11-30,486214,202731,39602,163129
2004-12-07,499152,212015,38774,173241
2004-12-14,449009,160102,32177,127925
2004-12-21,456338,163829,31811,132018
2004-12-28,461891,171894,33412,138482
2005-01-04,422961,141876,31583,110293
2005-01-11,396165,110457,39289,71168
2005-01-18,394503,108842,43838,65004
2005-01-25,390696,108245,42434,65811
2005-02-01,345407,103558,48495,55063
2005-02-08,349393,98573,60024,38549
2005-02-15,359757,111861,61774,50087
2005-02-22,375346,123571,53199,70372
2005-03-01,385154,137675,51729,85946
2005-03-08,402030,145880,45861,100019
2005-03-15,439401,181307,39143,142164
2005-03-22,395166,150243,30687,119556
2005-03-29,349778,139214,24445,114769
2005-04-05,341416,143159,25143,118016
2005-04-12,348710,150278,25570,124708
2005-04-19,355038,153355,28905,124450
2005-04-26,376622,175825,26564,149261
2005-05-03,360277,153235,36671,116564
2005-05-10,351685,134144,45002,89142
2005-05-17,342871,122727,58924,63803
2005-05-24,342642,113396,66334,47062
2005-05-31,294597,113281,78972,34309
2005-06-07,297782,114070,73481,40589
2005-06-14,310698,123715,64827,58888
2005-06-21,365726,169197,54084,115113
2005-06-28,373380,185159,44627,140532
2005-07-05,343084,148339,39379,108960
2005-07-12,329400,124657,47526,77131
2005-07-19,330662,116722,59562,57160
2005-07-26,298630,112823,57339,55484
2005-08-02,295252,119229,49881,69348
2005-08-09,341392,168050,45787,122263
2005-08-16,404108,209234,46187,163047
2005-08-23,397895,206672,41954,164718
2005-08-30,345968,161487,41210,120277
2005-09-06,360310,162177,39363,122814
2005-09-13,387063,177800,43490,134310
2005-09-20,463495,224267,53553,170714
2005-09-27,435603,222945,45499,177446
2005-10-04,441466,233241,50248,182993
2005-10-11,458416,238480,49318,189162
2005-10-18,448893,228349,46253,182096
2005-10-25,426035,209142,44274,164868
2005-11-01,407029,183116,44719,138397
2005-11-08,389793,169547,37792,131755
2005-11-15,401088,180522,40966,139556
2005-11-22,407398,203516,37634,165882
2005-11-29,412942,200819,39943,160876
2005-12-06,413222,209921,40509,169412
2005-12-13,425938,190673,31789,158884
2005-12-20,403540,185562,24357,161205
2005-12-27,394161,181574,22822,158752
2006-01-03,417121,183095,28646,154449
2006-01-10,445192,186070,38091,147979
2006-01-17,472692,191611,41834,149777
2006-01-24,472579,185454,43617,141837
2006-01-31,426167,185498,44664,140834
2006-02-07,428619,179588,50285,129303
2006-02-14,432430,169316,46774,122542
2006-02-21,431192,163702,44474,119228
2006-02-28,430801,168365,41853,126512
2006-03-07,429392,164992,45181,119811
2006-03-14,417271,141542,45876,95666
2006-03-21,416027,147921,44381,103540
2006-03-28,412112,163969,40712,123257
2006-04-04,432642,178405,42308,136097
2006-04-11,439170,174758,46710,128048
2006-04-18,463444,178042,46041,132001
2006-04-25,465442,172689,44606,128083
2006-05-02,492358,174401,46936,127465
2006-05-09,505689,171691,42354,129337
2006-05-16,495983,157633,38411,119222
2006-05-23,470591,137534,33938,103596
2006-05-30,405286,130604,30373,100231
2006-06-06,373767,130751,37060,93691
2006-06-13,382474,136441,41572,94869
2006-06-20,390281,127579,42105,85474
2006-06-27,384321,122349,43673,78676
2006-07-03,392868,125419,39129,86290
2006-07-11,427008,137378,38818,98560
2006-07-18,443519,139173,33737,105436
2006-07-25,432413,128828,28630,100198
2006-08-01,394609,131525,29149,102376
2006-08-08,402899,137723,30760,106963
2006-08-15,402702,130012,30441,99571
2006-08-22,393425,126264,32077,94187
2006-08-29,390836,120628,36569,84059
2006-09-05,420442,129699,33741,95958
2006-09-12,403755,113975,37833,76142
2006-09-19,430959,106302,36909,69393
2006-09-26,406994,102769,36471,66298
2006-10-03,413818,101699,37640,64059
2006-10-10,430807,98766,43002,55764
2006-10-17,426984,102696,44402,58294
2006-10-24,430766,98485,44989,53496
2006-10-31,427979,101286,39744,61542
2006-11-07,455640,115838,36470,79368
2006-11-14,476072,121873,34127,87746
2006-11-21,474432,117348,34014,83334
2006-11-28,423676,118632,36943,81689
2006-12-05,415169,120540,35250,85290
2006-12-12,411990,117740,35792,81948
2006-12-19,416337,106524,37238,69286
2006-12-26,415984,108971,40668,68303
2007-01-03,434040,119215,40964,78251
2007-01-09,426897,102115,49603,52512
2007-01-16,421266,108226,43463,64763
2007-01-23,457878,130510,40488,90022
2007-01-30,426462,145142,38980,106162
2007-02-06,449381,153536,37471,116065
2007-02-13,482168,167924,35609,132315
2007-02-20,494298,169127,31374,137753
2007-02-27,533271,181073,32709,148364
2007-03-06,487871,133699,27884,105815
2007-03-13,494886,126740,25251,101489
2007-03-20,467591,123244,25890,97354
2007-03-27,437206,125901,25883,100018
2007-04-03,430640,131231,32322,98909
2007-04-10,463667,150645,32505,118140
2007-04-17,484425,171025,29099,141926
2007-04-24,504386,169482,28627,140855
2007-05-01,482965,165497,27945,137552
2007-05-08,505498,170461,25445,145016
2007-05-15,495194,150795,28768,122027
2007-05-22,503146,142348,37979,104369
2007-05-29,485884,134623,38421,96202
2007-06-05,451514,143638,31718,111920
2007-06-12,481714,123350,47956,75394
2007-06-19,481432,123335,39989,83346
2007-06-26,477171,116524,56094,60430
2007-07-03,445464,107932,43789,64143
2007-07-10,460710,112479,40274,72205
2007-07-17,458921,113773,35084,78689
2007-07-24,490884,155169,27784,127385
2007-07-31,425305,114426,31688,82738
2007-08-07,429149,124478,31837,92641
2007-08-14,428617,120581,22564,98017
2007-08-21,418657,101114,31689,69425
2007-08-28,407664,105209,24359,80850
2007-09-04,432389,132256,26268,105988
2007-09-11,499547,165390,23325,142065
2007-09-18,522636,178258,19449,158809
2007-09-25,550958,207286,17788,189498
2007-10-02,559674,215348,20437,194911
2007-10-09,582150,229012,17361,211651
2007-10-16,623197,242750,17966,224784
2007-10-23,637345,227362,17493,209869
2007-10-30,673656,236961,16060,220901
2007-11-06,733716,242634,19895,222739
2007-11-13,716152,226983,17700,209283
2007-11-20,673449,209561,18010,191551
2007-11-27,623013,209969,21585,188384
2007-12-04,589490,194145,14636,179509
2007-12-11,595037,199104,15520,183584
2007-12-18,605938,200915,18369,182546
2007-12-24,636180,214001,16698,197303
2007-12-31,671656,231754,19943,211811
2008-01-08,712073,240447,22443,218004
2008-01-15,763873,246474,21946,224528
2008-01-22,729446,239466,21505,217961
2008-01-29,644842,239669,19685,219984
2008-02-05,616126,238234,20391,217843
2008-02-12,608654,242684,23537,219147
2008-02-19,632515,251966,28093,223873
2008-02-26,646391,254665,32573,222092
2008-03-04,652339,242944,33465,209479
2008-03-11,653481,241711,28924,212787
2008-03-18,677503,233445,29084,204361
2008-03-25,621294,217299,26636,190663
2008-04-01,527365,192960,22641,170319
2008-04-08,541247,199108,24421,174687
2008-04-15,560461,204758,23282,181476
2008-04-22,560056,203178,25370,177808
2008-04-29,555068,192639,28225,164414
2008-05-06,564330,188501,31406,157095
2008-05-13,569844,192389,38570,153819
2008-05-20,595544,211592,25796,185796
2008-05-27,526321,219749,26983,192766
2008-06-03,498320,199687,27975,171712
2008-06-10,500937,188919,36985,151934
2008-06-17,499699,181693,26957,154736
2008-06-24,520630,190698,35123,155575
2008-07-01,570018,226922,33504,193418
2008-07-08,576516,227049,31847,195202
2008-07-15,650891,250177,30478,219699
2008-07-22,627575,237262,27626,209636
2008-07-29,557468,213190,24836,188354
2008-08-05,521480,188484,24740,163744
2008-08-12,495782,149168,28342,120826
2008-08-19,508294,132214,30864,101350
2008-08-26,501737,134489,40604,93885
2008-09-02,505297,125015,45148,79867
2008-09-09,521693,117819,51020,66799
2008-09-16,538058,127614,56591,71023
2008-09-23,538850,146726,33664,113062
2008-09-30,490130,133121,20379,112742
2008-10-07,490812,132346,21938,110408
2008-10-14,482650,123104,20876,102228
2008-10-21,483544,111224,23216,88008
2008-10-28,481118,106351,35607,70744
2008-11-04,470721,107197,46032,61165
2008-11-11,460180,102869,50873,51996
2008-11-18,454194,100512,44478,56034
2008-11-25,397306,117984,28386,89598
2008-12-02,385038,112408,21607,90801
2008-12-09,382946,111004,21997,89007
2008-12-16,418216,136916,17661,119255
2008-12-22,426122,145758,14105,131653
2008-12-30,431499,154007,15712,138295
2009-01-06,451283,159377,14626,144751
2009-01-13,444004,152461,14703,137758
2009-01-20,470121,154652,17637,137015
2009-01-27,482631,173655,21135,152520
2009-02-03,482938,189933,21830,168103
2009-02-10,497376,198084,20871,177213
2009-02-17,533721,207366,23271,184095
2009-02-24,544159,207506,28916,178590
2009-03-03,521048,196611,24135,172476
2009-03-10,520943,183585,28031,155554
2009-03-17,531340,182066,18999,163067
2009-03-24,550217,185442,19324,166118
2009-03-31,501780,189271,21047,168224
2009-04-07,472002,169198,31725,137473
2009-04-14,464050,170290,30037,140253
2009-04-21,468927,166953,33589,133364
2009-04-28,470135,172383,32251,140132
2009-05-05,472679,177482,35434,142048
2009-05-12,494888,192947,37067,155880
2009-05-19,507912,195646,24774,170872
2009-05-26,518847,216832,26908,189924
2009-06-02,533716,226535,21652,204883
2009-06-09,522637,222682,21323,201359
2009-06-16,503662,208048,24944,183104
2009-06-23,495029,198846,27890,170956
2009-06-30,496694,197959,28224,169735
2009-07-07,489899,194828,23767,171061
2009-07-14,494289,187333,27035,160298
2009-07-21,523285,203538,22478,181060
2009-07-28,497393,200795,23936,176859
2009-08-04,519409,223607,19432,204175
2009-08-11,504419,216015,18275,197740
2009-08-18,493315,205835,24378,181457
2009-08-25,501066,209086,19476,189610
2009-09-01,506321,211406,19384,192022
2009-09-08,602564,262004,20018,241986
2009-09-15,622094,273953,18770,255183
2009-09-22,628409,274710,19185,255525
2009-09-29,575097,260419,17925,242494
2009-10-06,634969,284104,24615,259489
2009-10-13,671445,305644,25018,280626
2009-10-20,676857,301473,23119,278354
2009-10-27,651634,285493,20467,265026
2009-11-03,687283,297845,26281,271564
2009-11-09,737391,301150,28343,272807
2009-11-17,773681,299818,29053,270765
2009-11-24,693661,302732,29180,273552
2009-12-01,717426,305232,32815,272417
2009-12-08,694650,293475,28700,264775
2009-12-15,692120,291523,23556,267967
2009-12-22,688212,276401,27062,249339
2009-12-29,669947,267667,25721,241946
2010-01-05,691557,268030,25622,242408
2010-01-12,709092,277219,28859,248360
2010-01-19,722085,268663,27048,241615
2010-01-26,651455,251848,28918,222930
2010-02-02,638521,252126,29844,222282
2010-02-09,632281,227091,38446,188645
2010-02-16,609964,226220,32875,193345
2010-02-23,630275,238959,27138,211821
2010-03-02,657701,248398,25493,222905
2010-03-09,666239,248573,24936,223637
2010-03-16,675464,244938,27658,217280
2010-03-23,665203,226055,27827,198228
2010-03-30,603626,213643,26859,186784
2010-04-06,648116,253253,29401,223852
2010-04-13,696345,273080,25801,247279
2010-04-20,682040,256290,21712,234578
2010-04-27,701919,278445,27000,251445
2010-05-04,735006,288019,27028,260991
2010-05-11,828659,303412,27103,276309
2010-05-18,836014,297077,22308,274769
2010-05-25,776675,279456,26126,253330
2010-06-01,751380,279643,23448,256195
2010-06-08,787244,288306,24838,263468
2010-06-15,782911,288332,22349,265983
2010-06-22,825811,297375,23173,274202
2010-06-29,820732,294968,21945,273023
2010-07-06,787211,261878,30497,231381
2010-07-13,777861,255475,23503,231972
2010-07-20,777591,236052,37238,198814
2010-07-27,727447,233465,30735,202730
2010-08-03,695147,230223,28667,201556
2010-08-10,703935,232629,24665,207964
2010-08-17,743672,252186,25222,226964
2010-08-24,763300,270100,24644,245456
2010-08-31,781195,287261,26348,260913
2010-09-07,799564,291762,27129,264633
2010-09-14,822441,302454,30466,271988
2010-09-21,831929,300166,27880,272286
2010-09-28,840745,311557,31177,280380
2010-10-05,873968,315769,32307,283462
2010-10-12,889504,316244,33990,282254
2010-10-19,909477,309667,33751,275916
2010-10-26,862669,290762,31293,259469
2010-11-02,897868,290865,37327,253538
2010-11-09,979800,305007,37706,267301
2010-11-16,924518,272708,33357,239351
2010-11-23,813977,269561,32318,237243
2010-11-30,804955,273714,28915,244799
2010-12-07,829161,277239,25811,251428
2010-12-14,818562,265860,24436,241424
2010-12-21,800320,257468,27568,229900
2010-12-28,803377,263992,26312,237680
2011-01-04,796505,256944,32221,224723
2011-01-11,795947,241451,39565,201886
2011-01-18,801933,244054,54620,189434
2011-01-25,735631,234717,58889,175828
2011-02-01,641234,222390,51684,170706
2011-02-08,653146,237138,45857,191281
2011-02-15,664111,243160,43735,199425
2011-02-22,725747,260938,47688,213250
2011-03-01,741438,275184,44859,230325
2011-03-08,740976,268600,42527,226073
2011-03-15,735415,251258,45643,205615
2011-03-22,741348,245124,34589,210535
2011-03-29,672647,249195,35212,213983
2011-04-05,710994,271713,40955,230758
2011-04-12,720941,270364,41471,228893
2011-04-19,780145,291192,39482,251710
2011-04-26,763754,281023,42712,238311
2011-05-03,805910,278126,41623,236503
2011-05-10,788164,255815,42851,212964
2011-05-17,772908,234858,39878,194980
2011-05-24,831374,255455,41940,213515
2011-05-31,715858,261494,38510,222984
2011-06-07,730025,265739,34446,231293
2011-06-14,718929,256751,34899,221852
2011-06-21,750516,278066,39278,238788
2011-06-28,703831,232841,38284,194557
2011-07-05,702311,227245,40122,187123
2011-07-12,775360,282404,46211,236193
2011-07-19,854141,302828,39765,263063
2011-07-26,791632,300143,30654,269489
2011-08-02,817915,319752,30502,289250
2011-08-09,906419,290342,31159,259183
2011-08-16,952078,289390,31476,257914
2011-08-23,1034978,279511,31542,247969
2011-08-30,955019,257750,25112,232638
2011-09-06,1007750,267098,25594,241504
2011-09-13,986214,253812,29084,224728
2011-09-20,965320,230207,27175,203032
2011-09-27,824865,195497,36743,158754
2011-10-04,804393,194030,31716,162314
2011-10-11,806727,194306,26284,168022
2011-10-18,794999,186757,26772,159985
2011-10-25,809584,197135,28792,168343
2011-11-01,785989,200577,22521,178056
2011-11-08,845013,223053,22073,200980
2011-11-15,838080,227366,23568,203798
2011-11-22,678699,204899,26099,178800
2011-11-29,646836,198377,24049,174328
2011-12-06,655854,206383,23916,182467
2011-12-13,654915,190428,27259,163169
2011-12-20,666530,174674,33770,140904
2011-12-27,624191,168897,32990,135907
2012-01-03,642722,170814,35028,135786
2012-01-10,644348,170332,30897,139435
2012-01-17,667548,174103,28095,146008
2012-01-24,663855,182191,27164,155027
2012-01-31,660852,211698,23511,188187
2012-02-07,688505,223344,27653,195691
2012-02-14,672325,214239,30438,183801
2012-02-21,714931,233110,31473,201637
2012-02-28,737521,253817,32275,221542
2012-03-06,676087,201331,29307,172024
2012-03-13,683178,196610,33334,163276
2012-03-20,675513,175472,37313,138159
2012-03-27,626687,190984,30933,160051
2012-04-03,623172,180702,31103,149599
2012-04-10,640791,174847,31148,143699
2012-04-17,640395,171313,24480,146833
2012-04-24,641899,168295,28846,139449
2012-05-01,648716,175731,28356,147375
2012-05-08,667617,165288,44309,120979
2012-05-15,699370,156510,52686,103824
2012-05-22,728017,163036,56040,106996
2012-05-29,674096,162787,61321,101466
2012-06-05,704117,186411,56988,129423
2012-06-12,695294,183769,50847,132922
2012-06-19,701862,185237,47226,138011
2012-06-26,656194,171718,55962,115756
2012-07-03,670160,185507,48271,137236
2012-07-10,673276,175523,56742,118781
2012-07-17,681387,171869,50935,120934
2012-07-24,674786,154334,51542,102792
2012-07-31,644298,174273,45437,128836
2012-08-07,622617,166060,47049,119011
2012-08-14,619661,165450,47227,118223
2012-08-21,647383,180441,40315,140126
2012-08-28,670216,203355,36236,167119
2012-09-04,709605,217032,32308,184724
2012-09-11,764181,231870,27947,203923
2012-09-18,808829,248668,27401,221267
2012-09-25,759250,257088,22475,234613
2012-10-02,759596,264379,24439,239940
2012-10-09,759329,269711,25416,244295
2012-10-16,731636,252479,26386,226093
2012-10-23,718402,231402,26666,204736
2012-10-30,689762,220648,27254,193394
2012-11-06,700259,209909,26224,183685
2012-11-13,718200,221820,26817,195003
2012-11-20,725595,229435,27108,202327
2012-11-27,649280,241888,23497,218391
2012-12-04,610268,204506,32204,172302
2012-12-11,625088,206748,30701,176047
2012-12-18,633191,199724,40216,159508
2012-12-24,630843,192668,43521,149147
2012-12-31,595223,198885,45219,153666
2013-01-08,615254,190528,46875,143653
2013-01-15,638659,192796,41578,151218
2013-01-22,659275,195719,36537,159182
2013-01-29,598100,183190,52121,131069
2013-02-05,610796,196813,52318,144495
2013-02-12,628752,196438,67857,128581
2013-02-19,666103,189328,90948,98380
2013-02-26,642459,196956,83318,113638
2013-03-05,666993,182688,87676,95012
2013-03-12,681973,189128,86834,102294
2013-03-19,703073,198922,70926,127996
2013-03-26,633658,194730,66998,127732
2013-04-02,647002,193389,82930,110459
2013-04-09,653859,195821,83270,112551
2013-04-16,808120,184696,78619,106077
2013-04-23,824660,174596,90905,83691
2013-04-30,749677,171901,86011,85890
2013-05-07,780761,168566,89695,78871
2013-05-14,807394,163282,94340,68942
2013-05-21,847211,161137,99204,61933
2013-05-28,691958,168520,113317,55203
2013-06-04,659936,168309,103455,64854
2013-06-11,677874,170550,110323,60227
2013-06-18,689311,162529,119185,43344
2013-06-25,694750,158161,125292,32869
2013-07-02,776879,160905,129616,31289
2013-07-09,808703,163861,136016,27845
2013-07-16,823667,162437,121305,41132
2013-07-23,830568,170353,112575,57778
2013-07-30,723932,167118,115255,51863
2013-08-06,738021,164632,91737,72895
2013-08-13,731908,161748,79465,82283
2013-08-20,747070,174592,71695,102897
2013-08-27,723116,180516,54299,126217
2013-09-03,739479,180877,53214,127663
2013-09-10,721444,162857,52192,110665
2013-09-17,738604,154668,60839,93829
2013-09-24,729363,155399,55450,99949
2013-10-01,689447,154713,57211,97502
2013-10-08,687618,154595,44554,110041
2013-10-15,715953,151803,67691,84112
2013-10-22,715600,163418,54968,108450
2013-10-29,695510,167538,38962,128576
2013-11-05,695794,161418,45159,116259
2013-11-12,724276,157152,72449,84703
2013-11-19,724803,154682,82842,71840
2013-11-26,636307,151118,98891,52227
2013-12-03,641036,151150,102614,48536
2013-12-10,629838,152770,95868,56902
2013-12-17,656536,152056,97530,54526
2013-12-24,667491,151256,96669,54587
2013-12-31,628586,152452,94136,58316
2014-01-07,630115,156270,89792,66478
2014-01-14,664721,162705,91741,70964
2014-01-21,663764,162253,89976,72277
2014-01-28,608056,167696,77419,90277
2014-02-04,602247,165286,76912,88374
2014-02-11,617237,177365,78375,98990
2014-02-18,657075,190511,70826,119685
2014-02-25,637838,193673,52359,141314
2014-03-04,656664,193754,46415,147339
2014-03-11,684249,193209,40942,152267
2014-03-18,711980,202885,30681,172204
2014-03-25,675535,184632,39101,145531
2014-04-01,607938,174189,47068,127121
2014-04-08,614585,168495,47610,120885
2014-04-15,628029,165879,52321,113558
2014-04-22,632178,162997,52339,110658
2014-04-29,621734,165365,53270,112095
2014-05-06,651381,181195,54048,127147
2014-05-13,641801,176007,56930,119077
2014-05-20,637142,172356,55274,117082
2014-05-27,610131,172072,79362,92710
2014-06-03,604437,170545,93650,76895
2014-06-10,598946,170102,94129,75973
2014-06-17,601503,173620,78966,94654
2014-06-24,639293,203131,56892,146239
2014-07-01,632177,218090,49785,168305
2014-07-08,638504,218022,47931,170091
2014-07-15,639522,212149,51976,160173
2014-07-22,643364,212653,45957,166696
2014-07-29,575402,203355,48582,154773
2014-08-05,563036,188772,54898,133874
2014-08-12,581490,209214,43254,165960
2014-08-19,574443,197830,45013,152817
2014-08-26,552454,184158,58526,125632
2014-09-02,568103,181250,75426,105824
2014-09-09,600722,185347,83063,102284
2014-09-16,625164,177225,94564,82661
2014-09-23,644637,174503,103747,70756
2014-09-30,610095,172206,105123,67083
2014-10-07,619593,172662,105694,66968
2014-10-14,641301,191574,104214,87360
2014-10-21,669147,204257,92978,111279
2014-10-28,641605,196373,91852,104521
2014-11-04,691425,174202,112963,61239
2014-11-11,735438,172113,117357,54756
2014-11-18,755453,184157,99280,84877
2014-11-25,595199,180186,88707,91479
2014-12-02,578664,184614,79863,104751
2014-12-09,598203,203156,67572,135584
2014-12-16,595431,196636,60261,136375
2014-12-23,570538,191976,66778,125198
2014-12-30,569339,195001,63858,131143
2015-01-06,597165,200644,62280,138364
2015-01-13,607853,207989,59438,148551
2015-01-20,700698,248222,59521,188701
2015-01-27,656429,262284,51047,211237
2015-02-03,639243,248259,45162,203097
2015-02-10,609302,219168,46183,172985
2015-02-17,602502,204772,58181,146591
2015-02-24,592890,199755,60890,138865
2015-03-03,598983,195193,66681,128512
2015-03-10,630766,187299,90070,97229
2015-03-17,667988,178442,108642,69800
2015-03-24,667089,184532,110275,74257
2015-03-31,572616,180115,91489,88626
2015-04-07,579573,191667,80720,110947
2015-04-14,586197,193390,84642,108748
2015-04-21,592646,194116,81862,112254
2015-04-28,592531,197331,87428,109903
2015-05-05,598100,177256,98175,79081
2015-05-12,601344,182713,99980,82733
2015-05-19,628414,208057,77807,130250
2015-05-26,567268,196803,85674,111129
2015-06-02,559404,199625,87987,111638
2015-06-09,572475,189785,110403,79382
2015-06-16,587957,195521,113908,81613
2015-06-23,602869,207208,108452,98756
2015-06-30,607373,196075,126302,69773
2015-07-07,624457,192522,141912,50610
2015-07-14,636436,189648,140664,48984
2015-07-21,688184,183702,160134,23568
2015-07-28,630687,180959,157081,23878
2015-08-04,635992,181234,153587,27647
2015-08-11,634115,185017,152714,32303
2015-08-18,636582,185116,140043,45073
2015-08-25,661565,193405,116687,76718
2015-09-01,608673,185395,107622,77773
2015-09-08,616676,181817,122008,59809
2015-09-15,609014,168892,132801,36091
2015-09-22,611945,180716,121353,59363
2015-09-29,600090,184378,105632,78746
2015-10-06,625986,193998,101178,92820
2015-10-13,641353,206492,79959,126533
2015-10-20,686201,233132,70332,162800
2015-10-27,652091,225777,63049,162728
2015-11-03,631868,190149,76498,113651
2015-11-10,639510,167232,102456,64776
2015-11-17,656475,165084,136121,28963
2015-11-24,535410,162092,141849,20243
2015-12-01,536215,160479,147438,13041
2015-12-08,542365,164658,140161,24497
2015-12-15,553569,159955,139642,20313
2015-12-22,561090,155933,123749,32184
2015-12-29,539984,152028,128717,23311
2016-01-05,552648,154764,124177,30587
2016-01-12,551508,160944,112697,48247
2016-01-19,567155,159793,112721,47072
2016-01-26,530273,178509,109778,68731
2016-02-02,537133,184321,100456,83865
2016-02-09,643820,219947,94561,125386
2016-02-16,697444,225098,76472,148626
2016-02-23,733879,246402,67423,178979
2016-03-01,701954,248418,64802,183616
2016-03-08,788410,280680,67823,212857
2016-03-15,761637,266517,63095,203422
2016-03-22,782861,279345,63004,216341
2016-03-29,689723,278105,63991,214114
2016-04-05,685591,277700,64352,213348
2016-04-12,743572,306027,63303,242724
2016-04-19,735270,308286,62718,245568
2016-04-26,703778,302990,59647,243343
2016-05-03,816948,356491,56595,299896
2016-05-10,819565,353084,59675,293409
2016-05-17,847879,358956,60305,298651
2016-05-24,776500,303550,69475,234075
2016-05-31,679932,281904,66267,215637
2016-06-07,701199,309440,58763,250677
2016-06-14,794622,366698,60658,306040
2016-06-21,815220,371148,54623,316525
2016-06-28,854547,391712,61929,329783
2016-07-05,946255,414837,67092,347745
2016-07-12,910785,394636,65368,329268
2016-07-19,890097,381682,62894,318788
2016-07-26,798270,361784,56279,305505
2016-08-02,845903,385069,58805,326264
2016-08-09,823554,371220,58499,312721
2016-08-16,837871,367975,55537,312438
2016-08-23,832258,373298,50599,322699
2016-08-30,779556,349497,57789,291708
2016-09-06,831338,387403,57280,330123
2016-09-13,806108,359951,57625,302326
2016-09-20,793177,332163,59508,272655
2016-09-27,792666,368769,57647,311122
2016-10-04,761990,329257,67611,261646
2016-10-11,731252,286209,75612,210597
2016-10-18,728151,275517,80622,194895
2016-10-25,736562,288565,76152,212413
2016-11-01,739201,296065,71158,224907
2016-11-08,748147,292443,69295,223148
2016-11-15,712406,241712,66974,174738
2016-11-22,634083,235809,77094,158715
2016-11-29,600844,223023,80317,142706
2016-12-06,608167,219675,92020,127655
2016-12-13,623974,219955,99779,120176
2016-12-20,647827,205182,101564,103618
2016-12-27,597450,198934,107749,91185
2017-01-03,616679,201488,111370,90118
2017-01-10,646101,210142,103616,106526
2017-01-17,689307,218615,111734,106881
2017-01-24,703456,208534,101210,107324
2017-01-31,578481,211867,92774,119093
2017-02-07,622522,218908,97539,121369
2017-02-14,627910,209869,99432,110437
2017-02-21,651490,221880,92627,129253
2017-02-28,656489,250708,82604,168104
2017-03-07,645146,226803,95302,131501
2017-03-14,643969,197853,100119,97734
2017-03-21,677776,223754,101618,122136
2017-03-28,645306,231300,87413,143887
2017-04-04,628054,241650,80467,161183
2017-04-11,681606,253798,76667,177131
2017-04-18,725021,277499,77156,200343
2017-04-25,667987,280182,83923,196259
2017-05-02,656510,269482,84476,185006
2017-05-09,637559,222393,81007,141386
2017-05-16,640232,210705,90449,120256
2017-05-23,697601,239655,80045,159610
2017-05-30,625626,253634,81826,171808
2017-06-06,728589,319033,104932,214101
2017-06-13,682626,300066,102945,197121
2017-06-20,650158,251826,100240,151586
2017-06-27,634481,234322,102165,132157
2017-07-03,650201,214572,123891,90681
2017-07-11,677637,206889,151855,55034
2017-07-18,686311,212660,154615,58045
2017-07-25,673706,219210,126875,92335
2017-08-01,652786,244336,108695,135641
2017-08-08,637727,244193,94351,149842
2017-08-15,694319,276766,84935,191831
2017-08-22,741455,294775,79323,215452
2017-08-29,790158,329175,82736,246439
2017-09-05,860258,349610,84689,264921
2017-09-12,855055,360861,86441,274420
2017-09-19,824227,336962,84186,252776
2017-09-26,764017,312622,84605,228017
2017-10-03,736096,290944,78464,212480
2017-10-10,743032,288982,74443,214539
2017-10-17,746761,288767,79121,209646
2017-10-24,742440,278192,79596,198596
2017-10-31,725380,269343,72657,196686
2017-11-07,731832,275021,73669,201352
2017-11-14,740799,277018,74549,202469
2017-11-21,735317,274718,68971,205747
2017-11-28,667490,294975,59766,235209
2017-12-05,642172,254655,74588,180067
2017-12-12,633192,196653,90067,106586
2017-12-19,629799,193343,76845,116498
2017-12-26,622956,204260,65367,138893
2018-01-02,691269,246679,74658,172021
2018-01-09,747536,292883,80822,212061
2018-01-16,813562,307693,83388,224305
2018-01-23,820887,309695,79888,229807
2018-01-30,777810,308903,83116,225787
2018-02-06,760071,285575,77404,208171
2018-02-13,746321,264687,72237,192450
2018-02-20,774163,269719,62493,207226
2018-02-27,726602,255633,72111,183522
2018-03-06,723005,255216,61879,193337
2018-03-13,732155,238550,63987,174563
2018-03-20,755377,223456,70140,153316
2018-03-27,740664,267781,55903,211878
2018-04-03,702091,241458,68277,173181
2018-04-10,725402,245285,81058,164227
2018-04-17,745971,249337,75420,173917
2018-04-24,731775,229195,87282,141913
2018-05-01,715229,203301,99934,103367
2018-05-08,699566,191839,88299,103540
2018-05-15,740326,182272,101695,80577
2018-05-22,730741,167912,90502,77410
2018-05-29,670827,189253,76499,112754
2018-06-05,648436,180812,73567,107245
2018-06-12,651671,185374,69914,115460
2018-06-19,691070,181231,97481,83750
2018-06-26,664598,181874,116883,64991
2018-07-03,714279,195827,129508,66319
2018-07-10,719736,197589,128533,69056
2018-07-17,768264,193798,154907,38891
2018-07-24,751269,197879,165548,32331
2018-07-31,661303,191548,174615,16933
2018-08-07,684599,187470,194465,-6995
2018-08-14,741105,190922,216271,-25349
2018-08-21,772428,192353,216317,-23964
2018-08-28,719898,194185,211137,-16952
2018-09-04,717213,178426,212682,-34256
2018-09-11,713486,176273,204790,-28517
2018-09-18,717124,177441,206360,-28919
2018-09-25,678450,177071,209835,-32764
2018-10-02,690249,178735,213936,-35201
2018-10-09,705337,158844,215842,-56998
2018-10-16,739876,183927,168968,14959
2018-10-23,758944,187549,159145,28404
2018-10-30,720853,162336,156360,5976
2018-11-06,746222,163124,150914,12210
2018-11-13,786537,152829,175760,-22931
2018-11-20,781916,160162,155544,4618
2018-11-27,629993,153169,155689,-2520
2018-12-04,602198,173697,120977,52720
2018-12-11,616571,171352,102651,68701
2018-12-18,649633,187680,100183,87497
2018-12-24,716336,218002,86647,131355
2018-12-31,705063,226143,81238,144905
2019-01-08,706555,211813,90522,121291
2019-01-15,758539,215794,102817,112977
2019-01-22,767712,198900,101961,96939
2019-01-29,731659,230729,106540,124189
2019-02-05,742347,233655,102889,130766
2019-02-12,735815,228856,102304,126552
2019-02-19,826311,270316,99688,170628
2019-02-26,742474,255148,94213,160935
2019-03-05,699480,203709,106313,97396
2019-03-12,773326,215315,116463,98852
2019-03-19,774937,217719,105592,112127
2019-03-26,744171,226844,89719,137125
2019-04-02,658649,194833,95862,98971
2019-04-09,677719,206809,89464,117345
2019-04-16,674009,177281,121565,55716
2019-04-23,673157,166966,130944,36022
2019-04-30,637690,177741,107592,70149
2019-05-07,665348,186303,108157,78146
2019-05-14,740685,228224,99775,128449
2019-05-21,724237,191767,112079,79688
2019-05-28,669686,194997,109463,85534
2019-06-04,720079,252842,77176,175666
2019-06-11,764776,260843,54903,205940
2019-06-18,858867,291475,55943,235532
2019-06-25,1014917,338456,59492,278964
2019-07-02,1031393,344370,49547,294823
2019-07-09,1010098,330682,56127,274555
2019-07-16,1038695,338248,58974,279274
2019-07-23,1088147,338099,58268,279831
2019-07-30,964960,347815,54968,292847
2019-08-06,1112432,402556,55933,346623
2019-08-13,1183351,396224,51957,344267
2019-08-20,1189816,398983,49336,349647
2019-08-27,1215303,415245,53872,361373
2019-09-03,1217186,414616,49918,364698
2019-09-10,1125346,361265,51491,309774
2019-09-17,1177110,373773,45464,328309
2019-09-24,1247777,404388,46423,357965
2019-10-01,1050013,347010,45509,301501
2019-10-08,1078067,364413,47494,316919
2019-10-15,1058248,341008,57789,283219
2019-10-22,1064778,345675,55143,290532
2019-10-29,1034568,358854,56439,302415
2019-11-05,1071020,363564,61883,301681
2019-11-12,1087776,327426,60236,267190
2019-11-19,1105336,348365,49178,299187
2019-11-26,926134,326130,55994,270136
2019-12-03,983549,353144,56057,297087
2019-12-10,964413,327223,58277,268946
2019-12-17,1003799,346765,55239,291526
2019-12-24,1072332,376789,54656,322133
2019-12-31,1099823,404435,53347,351088
2020-01-07,1197110,418349,60853,357496
2020-01-14,1170516,399791,57702,342089
2020-01-21,1189723,400893,57947,342946
2020-01-28,1068985,404290,49922,354368
2020-02-04,1002910,370971,59564,311407
2020-02-11,1013330,377807,50440,327367
2020-02-18,1140854,443404,54601,388803
2020-02-25,1222538,437286,50894,386392
2020-03-03,1226461,411491,43173,368318
2020-03-10,1236887,377884,34302,343582
2020-03-17,1161072,314830,38517,276313
2020-03-24,1254370,338965,26203,312762
2020-03-31,992626,300142,31730,268412
2020-04-07,1053747,308039,32377,275662
2020-04-14,1142624,324629,34566,290063
2020-04-21,1067082,308178,31422,276756
2020-04-28,1023747,314091,28026,286065
2020-05-05,1009319,303829,28258,275571
2020-05-12,1013123,306235,37321,268914
2020-05-19,1086271,328535,44994,283541
2020-05-26,903115,306857,53213,253644
2020-06-02,874543,293337,56040,237297
2020-06-09,875907,284766,59413,225353
2020-06-16,910794,299684,57187,242497
2020-06-23,1004682,335264,59738,275526
2020-06-30,990185,355678,65306,290372
2020-07-07,1008422,366449,73204,293245
2020-07-14,1016765,358149,69220,288929
2020-07-21,1076205,365334,66619,298715
2020-07-28,1127029,351980,74380,277600
2020-08-04,1135911,360749,76066,284683
2020-08-11,1091080,334415,74696,259719
2020-08-18,1125064,332467,67399,265068
2020-08-25,1077350,315720,65623,250097
2020-09-01,1031272,326208,65489,260719
2020-09-08,1018960,329872,65683,264189
2020-09-15,1052825,343484,70105,273379
2020-09-22,1027946,316182,74339,241843
2020-09-29,911902,318439,74262,244177
2020-10-06,908492,323385,72994,250391
2020-10-13,905764,323584,85353,238231
2020-10-20,936622,335320,84464,250856
2020-10-27,886856,326472,80116,246356
2020-11-03,882150,321154,81056,240098
2020-11-10,873170,309798,79608,230190
2020-11-17,875225,318920,78123,240797
2020-11-24,751804,301253,80042,221211
2020-12-01,746427,307994,67508,240486
2020-12-01,32377,15096,13979,1117
2020-12-08,778040,326610,72333,254277
2020-12-15,773839,327152,72863,254289
2020-12-21,799618,338437,76115,262322
2020-12-29,747305,341623,77288,264335
2020-12-29,34210,15798,22384,-6586
2021-01-05,810238,358500,77829,280671
2021-01-12,754574,312665,73608,239057
2021-01-19,735630,305270,64899,240371
2021-01-26,700842,311942,60623,251319
2021-02-02,695241,308430,61591,246839
2021-02-09,689620,303811,62702,241109
2021-02-16,686558,292235,72266,219969
2021-02-23,632438,288037,71192,216845
2021-03-02,645514,259021,77096,181925
2021-03-09,676057,247600,80436,167164
2021-03-16,676965,251664,76613,175051
2021-03-23,684841,256838,88597,168241
2021-03-30,638136,256060,98499,157561
2021-04-06,633809,276945,89222,187723
2021-04-13,630094,269947,90112,179835
2021-04-20,657138,279947,95778,184169
2021-04-27,635455,275176,101690,173486
2021-05-04,638934,274993,100318,174675
2021-05-11,704587,292027,88096,203931
2021-05-18,751663,301372,86970,214402
2021-05-18,33854,10031,12915,-2884
2021-05-25,699958,306983,74028,232955
2021-06-01,683388,308131,73089,235042
2021-06-08,679113,309317,77218,232099
2021-06-15,661687,291112,80341,210771
2021-06-22,634981,256195,85028,171167
2021-06-29,608002,259729,92042,167687
2021-07-06,625552,281655,89604,192051
2021-07-13,659997,287452,85797,201655
2021-07-20,659539,289396,80169,209227
2021-07-27,636396,282356,76656,205700
2021-08-03,628660,282902,78576,204326
2021-08-10,628177,276009,106355,169654
2021-08-17,32480,14107,8528,5579
2021-08-17,637788,292807,93427,199380
2021-08-24,658332,311348,90842,220506
2021-08-31,639860,325583,96608,228975
2021-09-07,34633,8491,9756,-1265
2021-09-07,636604,317677,101384,216293
2021-09-14,634212,319790,100886,218904
2021-09-21,623506,304600,109615,194985
2021-09-28,608409,299923,127208,172715
2021-10-05,610483,304848,115023,189825
2021-10-12,614277,306373,115050,191323
2021-10-19,616916,307708,108262,199446
2021-10-26,673722,328118,102675,225443
2021-11-02,673396,323962,98365,225597
2021-11-09,775386,362359,93919,268440
2021-11-16,837139,383211,99795,283416
2021-11-16,27699,7826,12734,-4908
2021-11-23,711387,339458,93116,246342
2021-11-23,32929,8426,19122,-10696
2021-11-30,685404,321265,86386,234879
2021-12-07,655042,312428,86085,226343
2021-12-14,653715,309950,98647,211303
2021-12-21,651027,310040,93538,216502
2021-12-28,650426,320306,92399,227907
2022-01-04,650245,312978,85778,227200
2022-01-11,699412,305412,89842,215570
2022-01-18,696202,305421,94480,210941
2022-01-25,723419,333483,87701,245782
2022-02-01,637298,291983,102221,189762
2022-02-08,647101,301253,90379,210874
2022-02-15,717041,335472,92710,242762
2022-02-22,808830,376435,94862,281573
2022-03-01,815986,379815,89109,290706
2022-03-08,921117,403514,82289,321225
2022-03-15,35921,9110,15276,-6166
2022-03-15,849700,373239,76567,296672
2022-03-22,35952,10034,15826,-5792
2022-03-22,823034,350553,69352,281201
2022-03-29,762707,348923,70969,277954
2022-04-05,745645,346004,80271,265733
2022-04-05,27111,9206,10996,-1790
2022-04-12,795447,367710,83365,284345
2022-04-19,776562,356575,90027,266548
2022-04-26,32262,8332,16484,-8152
2022-04-26,728774,328977,92663,236314
2022-05-03,30453,6543,17174,-10631
2022-05-03,731812,307105,95830,211275
2022-05-10,30320,6657,18590,-11933
2022-05-10,741917,296031,97616,198415
2022-05-17,727353,286953,108588,178365
2022-05-17,30753,6441,18366,-11925
2022-05-24,717726,293447,97525,195922
2022-05-31,641087,281667,100484,181183
2022-06-07,622353,282854,98894,183960
2022-06-14,643209,277333,113712,163621
2022-06-21,639784,280420,105794,174626
2022-06-28,622359,278841,113751,165090
2022-07-05,641642,272216,125800,146416
2022-07-12,694137,252403,135552,116851
2022-07-19,677492,239928,147427,92501
2022-07-26,622683,245561,154136,91425
2022-08-02,613727,250210,121923,128287
2022-08-09,612376,250942,102308,148634
2022-08-16,598603,245125,101089,144036
2022-08-23,598932,242188,114585,127603
2022-08-30,581386,239565,121514,118051
2022-09-06,594783,233016,131444,101572
2022-09-13,593418,227701,133152,94549
2022-09-20,618780,215679,154893,60786
2022-09-27,36658,14270,11089,3181
2022-09-27,584868,202890,156917,45973
2022-10-04,588463,220035,129614,90421
2022-10-11,574421,211710,120340,91370
2022-10-18,582348,204659,135314,69345
2022-10-25,606961,204646,145304,59342
2022-11-01,599297,211438,153807,57631
2022-11-08,645338,227232,142290,84942
2022-11-15,684124,240433,101404,139029
2022-11-15,28826,14438,12038,2400
2022-11-22,570841,225322,100844,124478
2022-11-29,559524,221036,101593,119443
2022-12-06,566225,224486,99696,124790
2022-12-13,606562,241169,100755,140414
2022-12-20,606785,242015,99558,142457
2022-12-27,579634,244787,91648,153139
2023-01-03,606863,248177,88141,160036
2023-01-10,664014,261444,88837,172607
2023-01-17,705668,265514,88721,176793
2023-01-24,31036,12151,4275,7876
2023-01-24,733468,276140,92279,183861
2023-01-31,661942,278607,89074,189533
2023-02-07,620608,239218,91184,148034
2023-02-14,605576,224854,99628,125226
2023-02-21,599637,222312,100512,121800
2023-02-28,575384,217124,104081,113043
2023-03-07,615245,219469,121338,98131
2023-03-14,676591,247133,92579,154554
2023-03-21,25449,7787,7991,-204
2023-03-21,718931,253738,79356,174382
2023-03-28,711739,269277,69244,200033
2023-04-04,748112,292719,72676,220043
2023-04-11,736307,283793,67385,216408
2023-04-18,748698,284442,69290,215152
2023-04-25,704204,274670,64846,209824
2023-04-25,23780,5534,4775,759
2023-05-02,744202,289971,64808,225163
2023-05-02,24422,6916,4336,2580
2023-05-09,794166,292966,67429,225537
2023-05-16,769191,273887,68621,205266
2023-05-23,722490,250863,68158,182705
2023-05-30,639126,242793,70074,172719
2023-06-06,625245,243769,64965,178804
2023-06-13,618147,229264,68351,160913
2023-06-20,621664,231792,68660,163132
2023-06-27,590757,222583,68986,153597
2023-07-03,609673,237916,72719,165197
2023-07-11,656397,244076,75455,168621
2023-07-18,676043,272528,72217,200311
2023-07-25,659555,253403,73571,179832
2023-08-01,596100,244060,74767,169293
2023-08-08,583740,229579,84857,144722
2023-08-15,594756,230043,110241,119802
2023-08-22,600009,220749,122001,98748
2023-08-29,597241,242873,115945,126928
2023-08-29,30968,12366,14722,-2356
2023-09-05,586886,239516,99618,139898
2023-09-12,585976,235884,112955,122929
2023-09-12,31729,12205,15872,-3667
2023-09-19,28783,9576,11304,-1728
2023-09-19,596410,238942,102190,136752
2023-09-26,573822,232836,120311,112525
2023-10-03,31905,7763,17533,-9770
2023-10-03,607491,209964,134697,75267
2023-10-10,623216,206202,145727,60475
2023-10-10,32110,9537,17349,-7812
2023-10-17,30092,10698,11706,-1008
2023-10-17,672669,225166,115081,110085
2023-10-24,740610,255354,102133,153221
2023-10-24,30053,11478,9515,1963
2023-10-31,728673,269771,98347,171424
2023-10-31,31029,10367,10003,364
2023-11-07,31712,10788,10407,381
2023-11-07,720170,265469,92905,172564
2023-11-14,722583,258144,96593,161551
2023-11-14,33105,10047,11673,-1626
2023-11-21,763981,279754,96401,183353
2023-11-21,34135,13575,11192,2383
2023-11-28,718454,306305,94738,211567
2023-11-28,40403,20019,7523,12496
2023-12-05,30499,14777,12866,1911
2023-12-05,702028,300340,89618,210722
2023-12-12,659677,274293,85382,188911
2023-12-19,32155,14197,14953,-756
2023-12-19,702177,292797,83902,208895
2023-12-26,685284,304680,86874,217806
2024-01-02,700881,303949,85859,218090
2024-01-09,36390,16739,18949,-2210
2024-01-09,665286,276659,85518,191141
2024-01-16,38554,15425,18285,-2860
2024-01-16,668529,266752,84504,182248
2024-01-23,642602,244663,72260,172403
2024-01-23,39266,16333,18001,-1668
2024-01-30,580408,226288,74839,151449
2024-02-06,575677,233270,68838,164432
2024-02-13,576184,216251,87000,129251
2024-02-13,30728,10934,12905,-1971
2024-02-20,567260,213664,71117,142547
2024-02-27,551918,219282,75395,143887
2024-03-05,706068,281810,73558,208252
2024-03-05,30034,10590,6213,4377
2024-03-12,37922,12077,7465,4612
2024-03-12,776137,294594,72055,222539
2024-03-19,789118,286999,68712,218287
2024-03-19,39193,13100,8647,4453
2024-03-26,723391,280381,62015,218366
2024-04-02,797856,306170,69596,236574
2024-04-02,36160,20053,9098,10955
2024-04-09,865833,307527,73023,234504
2024-04-09,40163,20956,9477,11479
2024-04-16,39844,18946,9275,9671
2024-04-16,924186,297722,66138,231584
2024-04-23,898041,293050,64150,228900
2024-04-30,37605,13836,13754,82
2024-04-30,841013,287009,56478,230531
2024-05-07,861373,283164,57044,226120
2024-05-14,40647,16700,12611,4089
2024-05-14,875249,296004,63254,232750
2024-05-21,41498,17237,12953,4284
2024-05-21,931382,316204,58835,257369
2024-05-28,40483,15189,13941,1248
2024-05-28,773824,298645,51780,246865
2024-06-04,736514,290723,46716,244007
2024-06-11,32530,12976,11190,1786
2024-06-11,729754,277850,41684,236166
2024-06-18,743289,290952,40978,249974
2024-06-18,31599,13380,10521,2859
2024-06-25,30388,9714,9850,-136
2024-06-25,711234,288348,41806,246542
2024-07-02,719261,283399,41890,241509
2024-07-02,30987,10071,10489,-418
2024-07-09,38695,11349,10948,401
2024-07-09,799427,303267,48031,255236
2024-07-16,953024,346202,57684,288518
2024-07-16,43815,15422,8582,6840
2024-07-23,43876,14419,10267,4152
2024-07-23,908046,326370,57804,268566
2024-07-30,815816,309068,57181,251887
2024-08-06,796080,290363,50179,240184
2024-08-13,38084,15867,6291,9576
2024-08-13,865820,327369,52148,275221
2024-08-20,44193,18993,9564,9429
2024-08-20,926026,356118,56334,299784
2024-08-27,840626,348663,53806,294857
2024-08-27,43331,17971,9386,8585
2024-09-03,44615,17923,10570,7353
2024-09-03,808325,339608,56535,283073
2024-09-10,44739,17833,8061,9772
2024-09-10,827014,342388,61761,280627
2024-09-17,902570,374820,67056,307764
2024-09-17,47805,20190,8733,11457
2024-09-24,994199,386538,72599,313939
2024-09-24,49975,22990,6708,16282
2024-10-01,915249,365838,65139,300699
2024-10-01,47254,17097,9565,7532
2024-10-08,45606,14813,11781,3032
2024-10-08,875966,343554,66790,276764
2024-10-15,904588,353931,68392,285539
2024-10-15,46625,15860,12655,3205
2024-10-22,50372,20199,11653,8546
2024-10-22,983079,359274,64097,295177
2024-10-29,945200,361432,70484,290948
2024-10-29,50796,19626,11534,8092
2024-11-05,926213,333578,66439,267139
2024-11-05,53128,19633,15255,4378
2024-11-12,871454,309359,67091,242268
2024-11-12,56304,19240,17560,1680
2024-11-19,54141,18002,18228,-226
2024-11-19,850790,302352,60334,242018
2024-11-26,48475,14895,16926,-2031
2024-11-26,711924,302610,55689,246921
2024-12-03,28605,7718,11396,-3678
2024-12-03,709609,307808,49573,258235
2024-12-10,28652,8312,9286,-974
2024-12-10,758752,327830,50400,277430
2024-12-17,34641,9683,14505,-4822
2024-12-17,715934,301635,40426,261209
2024-12-24,33481,6063,15586,-9523
2024-12-24,691049,284040,40659,243381
2024-12-31,32113,5724,14036,-8312
2024-12-31,658591,283560,37998,245562
2025-01-07,690485,295827,41496,254331
2025-01-14,33515,7530,11047,-3517
2025-01-14,756977,314574,36310,278264
2025-01-21,845135,340746,37539,303207
2025-01-21,37378,9403,11167,-1764
2025-01-28,805253,346742,40588,306154
2025-01-28,37918,8622,7991,631
2025-02-04,837198,365025,54869,310156
2025-02-11,867510,351041,57409,293632
2025-02-11,32180,12063,9033,3030
2025-02-18,871137,334244,59469,274775
2025-02-18,33617,11648,9392,2256
2025-02-25,773047,324930,57488,267442
2025-02-25,34519,10721,13841,-3120
2025-03-04,31421,9307,14980,-5673
2025-03-04,756299,311969,62968,249001
2025-03-11,31986,10612,16132,-5520
2025-03-11,779270,303640,61608,242032
2025-03-18,36003,12560,11242,1318
2025-03-18,870033,335342,66773,268569
2025-03-25,38234,11573,16120,-4547
2025-03-25,826602,324724,66139,258585
2025-04-01,38127,15070,10399,4671
2025-04-01,851437,324333,73451,250882
2025-04-08,775736,269017,65915,203102
2025-04-08,37906,12957,15825,-2868
2025-04-15,884929,282937,66537,216400
2025-04-15,38960,17217,15588,1629
2025-04-22,978932,263736,68467,195269
2025-04-22,46206,22330,18364,3966
2025-04-29,862598,249339,67460,181879
2025-04-29,43876,20192,20645,-453
2025-05-06,46325,19270,19732,-462
2025-05-06,902795,243775,62661,181114
2025-05-13,42756,15734,21730,-5996
2025-05-13,832416,239259,63239,176020
2025-05-20,861067,237118,57178,179940
2025-05-20,49010,19872,25586,-5714
2025-05-27,49066,17179,26419,-9240
2025-05-27,716227,233466,56404,177062
2025-06-03,39100,10373,14011,-3638
2025-06-03,710687,246981,55548,191433
2025-06-10,43755,13111,21996,-8885
2025-06-10,697081,245007,54825,190182
2025-06-17,45009,12181,25438,-13257
2025-06-17,742394,257540,56897,200643
2025-06-24,46434,10349,25256,-14907
2025-06-24,698970,246867,58320,188547
2025-07-01,668770,248372,55013,193359
2025-07-01,45322,13918,20762,-6844
2025-07-08,48340,11102,25356,-14254
2025-07-08,666313,249192,55553,193639
2025-07-15,52643,15942,27299,-11357
2025-07-15,678633,258374,54618,203756
2025-07-22,758541,304056,58776,245280
2025-07-22,53017,20795,18165,2630
2025-07-29,648414,272933,55745,217188
2025-07-29,53672,11007,28757,-17750
2025-08-05,45266,12712,14765,-2053
2025-08-05,670740,283496,53279,230217
2025-08-12,663454,278472,57929,220543
2025-08-12,44835,7798,15013,-7215
2025-08-19,644005,261955,60085,201870
2025-08-19,51260,10242,22795,-12553
2025-08-26,49280,10064,16669,-6605
2025-08-26,633282,268942,59212,209730
2025-09-02,61910,27052,15293,11759
2025-09-02,764782,310958,66526,244432
2025-09-09,57482,20560,14968,5592
2025-09-09,817108,315939,60588,255351
2025-09-16,835822,312973,56894,256079
2025-09-16,55922,16682,14285,2397
2025-09-23,898447,319773,60512,259261
2025-09-23,59235,19303,15055,4248
2025-09-30,821734,309430,61349,248081
2025-09-30,55168,18323,20499,-2176
2025-10-07,849176,287427,62225,225202
2025-10-07,55760,18662,21669,-3007
2025-10-14,915454,261122,63391,197731
2025-10-14,62503,16739,36255,-19516
2025-10-21,926098,228568,62367,166201
2025-10-21,65719,11244,47419,-36175
2025-10-28,808428,238258,55381,182877
2025-10-28,74533,21626,60017,-38391
2025-11-04,76634,22377,62553,-40176
2025-11-04,792984,229475,50470,179005
2025-11-10,837169,233541,51222,182319
2025-11-10,80944,25891,62897,-37006
2025-11-18,84298,26576,67241,-40665
2025-11-18,846779,234387,53890,180497
2025-11-25,44745,5692,20317,-14625
2025-11-25,669455,239315,47721,191594
2025-12-02,51171,7637,23902,-16265
2025-12-02,664896,246642,42226,204416
2025-12-09,54051,10719,27112,-16393
2025-12-09,683904,252206,43202,209004
2025-12-16,57910,11736,28622,-16886
2025-12-16,761051,264606,45881,218725
2025-12-23,770129,275680,43823,231857
2025-12-23,65236,18515,34609,-16094
2025-12-30,743107,259440,39941,219499
2025-12-30,70034,16471,41874,-25403
2026-01-06,772291,255438,41695,213743
2026-01-06,68746,23103,37612,-14509
2026-01-13,72570,26158,40530,-14372
2026-01-13,844000,270880,40417,230463
2026-01-20,78992,31381,39324,-7943
2026-01-20,871555,265540,41612,223928
2026-01-27,793753,248908,42473,206435
2026-01-27,78433,24626,39337,-14711
2026-02-03,53597,11538,25430,-13892
2026-02-03,732325,205191,44004,161187
2026-02-10,60595,16185,30911,-14726
2026-02-10,726156,200356,44909,155447
2026-02-17,60817,13208,30697,-17489
2026-02-17,723906,202612,48021,154591
2026-02-24,699768,207877,45689,162188
2026-02-24,59932,11781,32859,-21078
2026-03-03,60933,11361,32113,-20752
2026-03-03,699876,208990,49099,159891
2026-03-10,58119,10450,31757,-21307
2026-03-10,709862,210640,44961,165679
2026-03-17,64124,10754,35583,-24829
2026-03-17,681393,211327,47976,163351
2026-03-24,71998,20512,37115,-16603
2026-03-24,692212,207469,46134,161335
2026-03-31,558977,204631,43935,160696
2026-03-31,57293,15492,28583,-13091
2026-04-07,57230,16114,29291,-13177
2026-04-07,550487,202470,48602,153868
2026-04-14,59915,18459,31898,-13439
2026-04-14,565169,208164,47045,161119
2026-04-21,556894,208123,47927,160196
2026-04-21,60480,15479,41399,-25920
2026-04-28,61834,17658,40705,-23047
2026-04-28,521553,204559,51055,153504
2026-05-05,526987,203487,46986,156501
2026-05-05,65309,20165,44707,-24542
